{
  "Ts": 6.4E-8,
  "m": 5E-17,
  "f_x": 50000,
  "f_y": 80000,
  "f_z": 100000,
  "T_phi": 0.0001,
  "Gamma_x": 6283.1853071795858,
  "Gamma_y": 6283.1853071795858,
  "Gamma_z": 6283.1853071795858,
  "P_W_x": 3.2E-34,
  "P_W_y": 3.2E-34,
  "P_W_z": 3.2E-34,
  "P_W_phi": 1E-6,
  "C_mat_full": [
    [
      200000,
      0,
      50000,
      0,
      20000,
      0,
      200000
    ],
    [
      0,
      0,
      -30000,
      0,
      20000,
      0,
      0
    ]
  ],
  "B_mat_full": [
    [
      0,
      0
    ],
    [
      10000,
      2000
    ],
    [
      0,
      0
    ],
    [
      2000,
      10000
    ],
    [
      0,
      0
    ],
    [
      10000,
      2000
    ],
    [
      0,
      0
    ]
  ],
  "P_V_mat_full": [
    [
      4E-12,
      0
    ],
    [
      0,
      4E-12
    ]
  ],
  "R_LQR_full": [
    [
      1.0000000000000001E-20,
      0
    ],
    [
      0,
      1.0000000000000001E-20
    ]
  ],
  "Q_LQR_usr": [
    [
      1,
      0,
      0,
      0,
      0,
      0,
      0
    ],
    [
      0,
      1,
      0,
      0,
      0,
      0,
      0
    ],
    [
      0,
      0,
      1,
      0,
      0,
      0,
      0
    ],
    [
      0,
      0,
      0,
      1,
      0,
      0,
      0
    ],
    [
      0,
      0,
      0,
      0,
      1,
      0,
      0
    ],
    [
      0,
      0,
      0,
      0,
      0,
      1,
      0
    ],
    [
      0,
      0,
      0,
      0,
      0,
      0,
      1
    ]
  ],
  "use_x": true,
  "use_y": true,
  "use_z": true,
  "use_phi": false,
  "w_x": 314159.26535897929,
  "w_y": 502654.82457436691,
  "w_z": 628318.53071795858,
  "closedLoopForm": 0,
  "transformedModel": 0,
  "use_ADC1": true,
  "use_ADC2": true,
  "use_DAC1": true,
  "use_DAC2": true,
  "use_phi_for_LQR": false,
  "ADC1_factor": 1,
  "ADC2_factor": 1,
  "ADC1_offset": 0,
  "ADC2_offset": 0,
  "DAC1_factor": 1,
  "DAC2_factor": 1,
  "DAC1_offset": 0,
  "DAC2_offset": 0,
  "numericalTransform": true,
  "limitTransform": true,
  "undoTransform": true,
  "targetStateCov": 1E-6
}
